"status","n","pct"
"Canceled",44005,37.4858379262465
"Not canceled",73386,62.5141620737535
